City,avg_time
Semi-Urban ,49.7317073170732
Metropolitian ,27.136485988723
Urban ,22.9840173638516
