Type_of_vehicle,avg_time
electric_scooter ,24.4701101206083
scooter ,24.4807541241163
bicycle ,26.4264705882353
motorcycle ,27.6056742954416
