Road_traffic_density,avg_time
Jam ,31.1766244785406
High ,27.24
Medium ,26.6996437380104
Low ,21.4641746485881
