multiple_deliveries,num_orders,avg_time
0,14095,22.8762681802057
1,29152,26.7166232162459
2,1985,40.4549118387909
3,361,47.819944598338
